id,name,category,description,image_file
15970,Turtle Check Men Navy Blue Shirt,Shirts,Navy Blue shirts for fall — casual. Turtle Check Men Navy Blue Shirt.,15970.jpg
30805,Fabindia Men Striped Green Shirt,Shirts,Green shirts for summer — ethnic. Fabindia Men Striped Green Shirt.,30805.jpg
26960,Jealous 21 Women Purple Shirt,Shirts,Purple shirts for summer — casual. Jealous 21 Women Purple Shirt.,26960.jpg
12369,Reid & Taylor Men Check Purple Shirts,Shirts,Purple shirts for fall — formal. Reid & Taylor Men Check Purple Shirts.,12369.jpg
39386,Peter England Men Party Blue Jeans,Jeans,Blue jeans for summer — casual. Peter England Men Party Blue Jeans.,39386.jpg
26994,Jealous 21 Women Black Jeans,Jeans,Black jeans for summer — casual. Jealous 21 Women Black Jeans.,26994.jpg
7193,Jealous 21 Women Black Jegging,Jeans,Black jeans for fall — casual. Jealous 21 Women Black Jegging.,7193.jpg
39716,Arrow Woman Women Blue Dress,Dresses,Blue dresses for summer — casual. Arrow Woman Women Blue Dress.,39716.jpg
4988,Gini and Jony Girl's Vanya White Polka Dot Kidswear,Dresses,White dresses for summer — casual. Gini and Jony Girl's Vanya White Polka Dot Kidswear.,4988.jpg
31127,Gini and Jony Girls Black Dress,Dresses,Black dresses for summer — casual. Gini and Jony Girls Black Dress.,31127.jpg
10406,United Colors of Benetton Women Solid Grey Dresses,Dresses,Grey dresses for fall — casual. United Colors of Benetton Women Solid Grey Dresses.,10406.jpg
9204,Puma Men Future Cat Remix SF Black Casual Shoes,Casual Shoes,Black casual shoes for summer — casual. Puma Men Future Cat Remix SF Black Casual Shoes.,9204.jpg
39988,Gas Men Europa White Shoes,Casual Shoes,White casual shoes for winter — casual. Gas Men Europa White Shoes.,39988.jpg
22198,Timberland Men Black Casual Shoes,Casual Shoes,Black casual shoes for fall — casual. Timberland Men Black Casual Shoes.,22198.jpg
29570,Vans Men Classic Slip-On Purple & Black Shoes,Casual Shoes,Purple casual shoes for summer — casual. Vans Men Classic Slip-On Purple & Black Shoes.,29570.jpg
6889,Forever New Women Stone Cream Jacket,Jackets,Cream jackets for summer — casual. Forever New Women Stone Cream Jacket.,6889.jpg
6887,Forever New Women Indigo Wash Blue Jacket,Jackets,Blue jackets for summer — casual. Forever New Women Indigo Wash Blue Jacket.,6887.jpg
19744,ADIDAS Originals Men Solid Green Jacket,Jackets,Green jackets for fall — casual. ADIDAS Originals Men Solid Green Jacket.,19744.jpg
53759,Puma Men Grey T-shirt,Tshirts,Grey tshirts for summer — casual. Puma Men Grey T-shirt.,53759.jpg
1855,Inkfruit Mens Chain Reaction T-shirt,Tshirts,Grey tshirts for summer — casual. Inkfruit Mens Chain Reaction T-shirt.,1855.jpg
7990,Fila Men's Round Neck Navy Blue T-shirt,Tshirts,Navy Blue tshirts for fall — sports. Fila Men's Round Neck Navy Blue T-shirt.,7990.jpg
4729,Disney Kids Boy's Crew Sea Life Sialing Green Teen Kidswear,Tshirts,Green tshirts for summer — casual. Disney Kids Boy's Crew Sea Life Sialing Green Teen Kidswear.,4729.jpg
10257,John Miller Men Solid Type Black Trousers,Trousers,Black trousers for fall — formal. John Miller Men Solid Type Black Trousers.,10257.jpg
32563,ONLY Women directoire blue Trousers,Trousers,Blue trousers for summer — casual. ONLY Women directoire blue Trousers.,32563.jpg
26163,John Miller Men Dark Grey Trousers,Trousers,Grey trousers for summer — formal. John Miller Men Dark Grey Trousers.,26163.jpg
